Node,SIR,Infected_sum
1,9.9e-05,0
2,0.000107,0
3,0.001654,0
4,0.019984,0
5,0.001509,0
6,0.00511,0
7,0.002233,0
8,0.000105,0
9,0.000109,0
10,0.000117,0
11,0.000215,0
12,0.002154,0
13,0.000176,0
14,0.00015,0
15,0.000121,0
16,0.000146,0
17,0.000201,0
18,0.000204,0
19,0.0001,0
20,0.000208,0
