Node,SIR,Infected_sum
1,9.9e-05,0
2,0.000107,0
3,0.001654,0
