Node,SIR,Infected_sum
1,0.000104,0
2,0.000112,0
3,0.007402,0
4,0.053064,0
5,0.008125,0
6,0.022049,0
7,0.010508,0
8,0.000159,0
9,0.000116,0
10,0.00024,0
11,0.000913,0
12,0.008144,0
13,0.000978,0
14,0.000267,0
15,0.000372,0
16,0.00161,0
17,0.001914,0
18,0.00128,0
19,0.000336,0
20,0.001777,0
