Node,SIR,Infected_sum
1,0.000104,0
2,0.000112,0
3,0.007402,0
