Node,SIR,Infected_sum
1,0.000106,0
2,0.000121,0
3,0.017933,0
4,0.087179,0
5,0.017554,0
6,0.059817,0
7,0.024862,0
8,0.00012,0
9,0.000223,0
10,0.000148,0
11,0.002461,0
12,0.018039,0
13,0.003082,0
14,0.002,0
15,0.001339,0
16,0.006227,0
17,0.007366,0
18,0.004419,0
19,0.001364,0
20,0.008629,0
