Node,SIR,Infected_sum
1,0.000106,0
2,0.000121,0
3,0.017933,0
