Node,SIR,Infected_sum
0,0.000317,0
1,0.000616,0
2,0.000347,0
3,0.023627,0
4,0.000286,0
5,0.00183,0
6,0.000559,0
7,0.000297,0
8,0.000277,0
9,0.001931,0
10,0.000681,0
11,0.023553,0
12,0.000291,0
13,0.000275,0
14,0.000297,0
15,0.000377,0
16,0.000447,0
17,0.000273,0
18,0.000348,0
19,0.000311,0
20,0.000537,0
21,0.000293,0
22,0.000291,0
