Node,SIR,Infected_sum
0,0.000424,0
1,0.002159,0
2,0.000825,0
3,0.047737,0
4,0.000303,0
5,0.011593,0
6,0.001861,0
7,0.000369,0
8,0.000292,0
9,0.01237,0
10,0.002593,0
11,0.04627,0
12,0.000302,0
13,0.000291,0
14,0.000359,0
15,0.000818,0
16,0.001197,0
17,0.00027,0
18,0.000438,0
19,0.000342,0
20,0.001948,0
21,0.000299,0
22,0.000369,0
23,0.01355,0
