Node,SIR,Infected_sum
0,0.001075,0
1,0.013122,0
2,0.003276,0
3,0.088678,0
4,0.000339,0
5,0.047341,0
6,0.00652,0
7,0.001302,0
8,0.000432,0
9,0.052798,0
10,0.011891,0
11,0.088284,0
12,0.000619,0
13,0.000302,0
14,0.000472,0
15,0.001828,0
16,0.003412,0
17,0.000286,0
18,0.000598,0
19,0.000496,0
20,0.005561,0
21,0.000745,0
22,0.001094,0
23,0.057883,0
