Node,SIR,Infected_sum
0,0.00615,0
1,0.00731,0
2,0.00229,0
3,0.00358,0
4,0.0074,0
5,0.00152,0
6,0.00327,0
7,0.00276,0
8,0.00139,0
9,0.00539,0
10,0.0043,0
11,0.00623,0
12,0.0008,0
13,0.00329,0
14,0.00227,0
15,0.00215,0
