Node,SIR,Infected_sum
0,0.1507,0
1,0.12137,0
2,0.09116,0
3,0.13274,0
4,0.159,0
5,0.09212,0
6,0.10123,0
7,0.08025,0
8,0.09135,0
9,0.15261,0
10,0.14226,0
11,0.1326,0
12,0.08461,0
13,0.12294,0
14,0.15328,0
15,0.04054,0
