Node,SIR,Infected_sum
0,0.35525,0
1,0.35377,0
2,0.29499,0
3,0.31664,0
4,0.36555,0
5,0.22523,0
6,0.30827,0
7,0.22084,0
8,0.26408,0
9,0.37293,0
10,0.28577,0
11,0.31222,0
12,0.27721,0
13,0.31182,0
14,0.33784,0
15,0.20063,0
